{"villes":[{"CP":13090,"Ville":"AIX EN PROVENCE"},{"CP":73000,"Ville":"AIX LES BAINS"},{"CP":13070,"Ville":"ARLES"},{"CP":7300,"Ville":"AUBENAS"},{"CP":84002,"Ville":"AVIGNON"},{"CP":38450,"Ville":"BOURGOIN"},{"CP":69300,"Ville":"CALUIRE"},{"CP":84210,"Ville":"CAVAILLON"},{"CP":3350,"Ville":"CERILLY"},{"CP":74800,"Ville":"CHAMONIX"},{"CP":69680,"Ville":"CHASSIEU"},{"CP":26780,"Ville":"CHATEAUNEUF"},{"CP":74200,"Ville":"CLUSES"},{"CP":68000,"Ville":"COLMAR"},{"CP":13270,"Ville":"FOS"},{"CP":5000,"Ville":"GAP"},{"CP":3350,"Ville":"GARI"},{"CP":38000,"Ville":"GRENOBLE"},{"CP":5400,"Ville":"GUILLESTRE"},{"CP":3720,"Ville":"IVRY"},{"CP":73290,"Ville":"LA MOTTE SERVOLEX"},{"CP":38500,"Ville":"LA VERPILLIERE"},{"CP":30126,"Ville":"LIRAC"},{"CP":69008,"Ville":"LYON"},{"CP":13000,"Ville":"MARSEILLE"},{"CP":28000,"Ville":"MONTELIMAR"},{"CP":84300,"Ville":"MONTEUX"},{"CP":34080,"Ville":"MONTPELLIER"},{"CP":6200,"Ville":"NICE"},{"CP":84100,"Ville":"ORANGE"},{"CP":75003,"Ville":"PARIS"},{"CP":7000,"Ville":"PRIVAS"},{"CP":26100,"Ville":"ROMANS"},{"CP":74700,"Ville":"SALLANCHES"},{"CP":42300,"Ville":"ST CHAMOND"},{"CP":5300,"Ville":"ST CLEMENT"},{"CP":42100,"Ville":"ST ETIENNE"},{"CP":13100,"Ville":"ST REMY"},{"CP":38200,"Ville":"VIENNE"}]}